Workbook

Sheet Pivot tabel
A1: Kota(Proper) | B1: (All)
A3: Sum of Total Harga | B3: Column Labels | J3: Sum of Total Harga | K3: Column Labels
A4: Row Labels | B4: Elektronik | C4: Fashion | D4: Kecantikan | E4: Makanan | F4: Rumah Tangga | G4: Grand Total | K4: 1 | L4: 2 | M4: 3 | N4: 4 | O4: 5 | P4: 6 | Q4: 7 | R4: 8 | S4: 9 | T4: 10 | U4: (blank) | V4: Grand Total
A5: Celana Jeans | C5: 12554000 | G5: 12554000 | J5: Bandung | K5: 1255000 | L5: 2074000 | M5: 1347000 | N5: 720000 | O5: 3250000 | P5: 3858000 | Q5: 4088000 | R5: 6312000 | S5: 6552000 | T5: 6690000 | V5: 36146000
A6: Cokelat Batang | E6: 12405000 | G6: 12405000 | J6: Denpasar | K6: 475000 | L6: 560000 | M6: 1767000 | N6: 3376000 | O6: 2840000 | P6: 2094000 | Q6: 5376000 | R6: 6816000 | S6: 4761000 | T6: 3240000 | V6: 31305000
A7: Gantungan Baju | F7: 10004000 | G7: 10004000 | J7: Jakarta | K7: 244000 | L7: 1020000 | M7: 2445000 | N7: 2520000 | O7: 3475000 | P7: 1704000 | Q7: 4788000 | R7: 2200000 | S7: 1656000 | T7: 7820000 | V7: 27872000
A8: Headphone Bluetooth | B8: 14906000 | G8: 14906000 | J8: Makassar | K8: 533000 | L8: 590000 | M8: 2550000 | N8: 1936000 | O8: 3170000 | P8: 5370000 | Q8: 4123000 | R8: 2880000 | S8: 4230000 | T8: 9630000 | V8: 35012000
A9: Jaket Hoodie | C9: 4866000 | G9: 4866000 | J9: Malang | K9: 963000 | L9: 628000 | M9: 3432000 | N9: 1540000 | O9: 4910000 | P9: 900000 | Q9: 700000 | R9: 3352000 | S9: 3105000 | T9: 5390000 | V9: 24920000
A10: Kabel Data USB-C | B10: 16847000 | G10: 16847000 | J10: Medan | K10: 669000 | L10: 588000 | M10: 1542000 | N10: 1540000 | O10: 2025000 | P10: 4374000 | Q10: 3801000 | R10: 4944000 | S10: 3726000 | T10: 11500000 | V10: 34709000
A11: Kaos Polos | C11: 11386000 | G11: 11386000 | J11: Palembang | K11: 1084000 | L11: 520000 | M11: 1932000 | N11: 2848000 | O11: 3495000 | P11: 2814000 | Q11: 2058000 | R11: 4480000 | S11: 1341000 | T11: 9290000 | V11: 29862000
A12: Kemeja Flanel | C12: 11983000 | G12: 11983000 | J12: Semarang | K12: 325000 | L12: 2458000 | M12: 1629000 | N12: 3820000 | O12: 75000 | P12: 3444000 | Q12: 7196000 | R12: 7184000 | S12: 9819000 | T12: 1640000 | V12: 37590000
A13: Keripik Singkong | E13: 17279000 | G13: 17279000 | J13: Surabaya | K13: 624000 | L13: 1218000 | M13: 2637000 | N13: 1836000 | O13: 725000 | P13: 3798000 | Q13: 3031000 | R13: 4080000 | S13: 6894000 | T13: 3350000 | V13: 28193000
A14: Kopi Sachet 1kg | E14: 9086000 | G14: 9086000 | J14: Yogyakarta | K14: 1388000 | L14: 348000 | M14: 435000 | N14: 1260000 | O14: 2275000 | P14: 2544000 | Q14: 3990000 | R14: 2480000 | S14: 5526000 | T14: 3940000 | V14: 24186000
A15: Lampu LED | F15: 8782000 | G15: 8782000 | J15: (blank)
A16: Lip Cream | D16: 8787000 | G16: 8787000 | J16: Grand Total | K16: 7560000 | L16: 10004000 | M16: 19716000 | N16: 21396000 | O16: 26240000 | P16: 30900000 | Q16: 39151000 | R16: 44728000 | S16: 47610000 | T16: 62490000 | V16: 309795000
A17: Madu Hutan 500ml | E17: 9840000 | G17: 9840000
A18: Masker Wajah | D18: 8231000 | G18: 8231000 | J18: Row Labels | K18: Sum of Total Harga
A19: Micellar Water | D19: 12402000 | G19: 12402000 | J19: Januari | K19: 20634000
A20: Mouse Wireless | B20: 16925000 | G20: 16925000 | J20: Februari | K20: 22932000
A21: Powerbank 10000mAh | B21: 8821000 | G21: 8821000 | J21: Maret | K21: 23285000
A22: Rak Serbaguna | F22: 10044000 | G22: 10044000 | J22: April | K22: 23931000
A23: Sapu Lidi | F23: 9955000 | G23: 9955000 | J23: Mei | K23: 15008000
A24: Serum Vitamin C | D24: 9722000 | G24: 9722000 | J24: Juni | K24: 30269000
A25: Speaker Mini | B25: 27306000 | G25: 27306000 | J25: Juli | K25: 39542000
A26: Sunscreen SPF50 | D26: 17087000 | G26: 17087000 | J26: Agustus | K26: 31239000
A27: Teh Celup Box | E27: 11811000 | G27: 11811000 | J27: September | K27: 30649000
A28: Tempat Sampah | F28: 16257000 | G28: 16257000 | J28: Oktober | K28: 28015000
A29: Topi Baseball | C29: 12509000 | G29: 12509000 | J29: November | K29: 22785000
A30: Grand Total | B30: 84805000 | C30: 53298000 | D30: 56229000 | E30: 60421000 | F30: 55042000 | G30: 309795000 | J30: Desember | K30: 21506000
J31: (blank)
A32: Sum of Total Harga | B32: Column Labels | J32: Grand Total | K32: 309795000
A33: Row Labels | B33: COD | C33: E-Wallet | D33: Kartu Kredit | E33: QRIS | F33: Transfer Bank | G33: (blank) | H33: Grand Total
A34: Dibatalkan | B34: 16900000 | C34: 9365000 | D34: 6630000 | E34: 11276000 | F34: 17268000 | H34: 61439000
A35: Dikirim | B35: 9750000 | C35: 11868000 | D35: 8974000 | E35: 12669000 | F35: 13841000 | H35: 57102000
A36: Diproses | B36: 5455000 | C36: 17563000 | D36: 9222000 | E36: 15604000 | F36: 11610000 | H36: 59454000
A37: Retur | B37: 8335000 | C37: 13370000 | D37: 17479000 | E37: 10947000 | F37: 23318000 | H37: 73449000
A38: Selesai | B38: 10197000 | C38: 13772000 | D38: 10379000 | E38: 9353000 | F38: 14650000 | H38: 58351000
A39: (blank)
A40: Grand Total | B40: 50637000 | C40: 65938000 | D40: 52684000 | E40: 59849000 | F40: 80687000 | H40: 309795000
A42: Sum of Total Harga | B42: Column Labels
A43: Row Labels | B43: Bandung | C43: Denpasar | D43: Jakarta | E43: Makassar | F43: Malang | G43: Medan | H43: Palembang | I43: Semarang | J43: Surabaya | K43: Yogyakarta | L43: (blank) | M43: Grand Total
A44: Elektronik | B44: 5801000 | C44: 8144000 | D44: 10925000 | E44: 11615000 | F44: 2745000 | G44: 12704000 | H44: 6201000 | I44: 11745000 | J44: 7386000 | K44: 7539000 | M44: 84805000
A45: Dibatalkan | B45: 450000 | C45: 495000 | D45: 1525000 | E45: 1960000 | F45: 750000 | G45: 1850000 | H45: 1870000 | I45: 2863000 | J45: 3361000 | K45: 969000 | M45: 16093000
A46: Dikirim | B46: 1070000 | C46: 3441000 | D46: 3440000 | E46: 3375000 | G46: 1550000 | H46: 320000 | I46: 2317000 | J46: 3000000 | K46: 1095000 | M46: 19608000
A47: Diproses | B47: 988000 | C47: 1843000 | D47: 3330000 | E47: 1275000 | F47: 990000 | G47: 2919000 | H47: 1500000 | I47: 2171000 | K47: 2100000 | M47: 17116000
A48: Retur | B48: 3248000 | C48: 2055000 | D48: 855000 | E48: 4345000 | F48: 825000 | G48: 2435000 | H48: 2436000 | I48: 1800000 | J48: 900000 | K48: 2385000 | M48: 21284000
A49: Selesai | B49: 45000 | C49: 310000 | D49: 1775000 | E49: 660000 | F49: 180000 | G49: 3950000 | H49: 75000 | I49: 2594000 | J49: 125000 | K49: 990000 | M49: 10704000
A50: Fashion | B50: 5695000 | C50: 9790000 | D50: 4296000 | E50: 5913000 | F50: 5433000 | G50: 3965000 | H50: 1781000 | I50: 4365000 | J50: 6456000 | K50: 5604000 | M50: 53298000
A51: Dibatalkan | B51: 1266000 | C51: 3340000 | D51: 1851000 | E51: 2380000 | F51: 995000 | G51: 300000 | H51: 550000 | I51: 1280000 | J51: 1843000 | K51: 2684000 | M51: 16489000
A52: Dikirim | B52: 1900000 | C52: 715000 | D52: 725000 | E52: 135000 | F52: 1099000 | G52: 2825000 | H52: 315000 | I52: 140000 | J52: 1396000 | K52: 670000 | M52: 9920000
A53: Diproses | C53: 4285000 | D53: 1310000 | E53: 600000 | F53: 2547000 | G53: 150000 | H53: 696000 | I53: 1445000 | K53: 100000 | M53: 11133000
A54: Retur | B54: 1750000 | C54: 1450000 | D54: 50000 | E54: 2005000 | F54: 792000 | G54: 390000 | I54: 1500000 | J54: 1412000 | K54: 765000 | M54: 10114000
A55: Selesai | B55: 779000 | D55: 360000 | E55: 793000 | G55: 300000 | H55: 220000 | J55: 1805000 | K55: 1385000 | M55: 5642000
A56: Kecantikan | B56: 9549000 | C56: 5936000 | D56: 2744000 | E56: 2930000 | F56: 7415000 | G56: 9102000 | H56: 5340000 | I56: 5011000 | J56: 5428000 | K56: 2774000 | M56: 56229000
A57: Dibatalkan | B57: 1238000 | C57: 896000 | D57: 754000 | E57: 100000 | F57: 250000 | G57: 395000 | H57: 1250000 | I57: 597000 | J57: 1200000 | K57: 629000 | M57: 7309000
A58: Dikirim | B58: 2040000 | C58: 1958000 | D58: 525000 | F58: 1200000 | G58: 2552000 | H58: 2720000 | I58: 1650000 | M58: 12645000
A59: Diproses | B59: 1855000 | C59: 50000 | D59: 1465000 | E59: 925000 | F59: 345000 | G59: 295000 | I59: 773000 | J59: 1947000 | K59: 1485000 | M59: 9140000
A60: Retur | B60: 425000 | C60: 2277000 | E60: 1605000 | F60: 2470000 | G60: 3385000 | H60: 1095000 | I60: 750000 | J60: 1390000 | M60: 13397000
A61: Selesai | B61: 3991000 | C61: 755000 | E61: 300000 | F61: 3150000 | G61: 2475000 | H61: 275000 | I61: 1241000 | J61: 891000 | K61: 660000 | M61: 13738000
A62: Makanan | B62: 6202000 | C62: 6415000 | D62: 3378000 | E62: 8700000 | F62: 4237000 | G62: 3734000 | H62: 8026000 | I62: 11572000 | J62: 3223000 | K62: 4934000 | M62: 60421000
A63: Dibatalkan | B63: 1360000 | C63: 1370000 | D63: 1500000 | E63: 1395000 | F63: 405000 | G63: 105000 | H63: 856000 | I63: 3422000 | J63: 985000 | K63: 1698000 | M63: 13096000
A64: Dikirim | B64: 1009000 | C64: 830000 | D64: 1498000 | E64: 1550000 | F64: 1620000 | G64: 90000 | H64: 2140000 | I64: 845000 | J64: 1101000 | K64: 250000 | M64: 10933000
A65: Diproses | B65: 1513000 | C65: 225000 | D65: 230000 | E65: 150000 | F65: 225000 | G65: 1584000 | H65: 2577000 | I65: 5562000 | J65: 923000 | M65: 12989000
A66: Retur | B66: 900000 | C66: 365000 | E66: 135000 | F66: 1098000 | G66: 1655000 | H66: 2178000 | I66: 1743000 | J66: 90000 | K66: 1570000 | M66: 9734000
A67: Selesai | B67: 1420000 | C67: 3625000 | D67: 150000 | E67: 5470000 | F67: 889000 | G67: 300000 | H67: 275000 | J67: 124000 | K67: 1416000 | M67: 13669000
A68: Rumah Tangga | B68: 8899000 | C68: 1020000 | D68: 6529000 | E68: 5854000 | F68: 5090000 | G68: 5204000 | H68: 8514000 | I68: 4897000 | J68: 5700000 | K68: 3335000 | M68: 55042000
A69: Dibatalkan | B69: 3647000 | D69: 250000 | E69: 1710000 | F69: 520000 | G69: 270000 | H69: 970000 | I69: 335000 | J69: 750000 | M69: 8452000
A70: Dikirim | B70: 930000 | D70: 850000 | F70: 120000 | G70: 671000 | H70: 300000 | I70: 540000 | J70: 450000 | K70: 135000 | M70: 3996000
A71: Diproses | B71: 2950000 | C71: 25000 | D71: 2200000 | E71: 349000 | H71: 585000 | I71: 2407000 | J71: 210000 | K71: 350000 | M71: 9076000
A72: Retur | B72: 1122000 | D72: 2605000 | E72: 1485000 | F72: 3195000 | G72: 4263000 | H72: 370000 | I72: 140000 | J72: 3240000 | K72: 2500000 | M72: 18920000
A73: Selesai | B73: 250000 | C73: 995000 | D73: 624000 | E73: 2310000 | F73: 1255000 | H73: 6289000 | I73: 1475000 | J73: 1050000 | K73: 350000 | M73: 14598000
A74: (blank)
A75: (blank)
A76: Grand Total | B76: 36146000 | C76: 31305000 | D76: 27872000 | E76: 35012000 | F76: 24920000 | G76: 34709000 | H76: 29862000 | I76: 37590000 | J76: 28193000 | K76: 24186000 | M76: 309795000

Sheet Grafik
A3: Row Labels | B3: Sum of Total Harga
A4: Elektronik | B4: 84805000
A5: Fashion | B5: 53298000
A6: Kecantikan | B6: 56229000
A7: Makanan | B7: 60421000
A8: Rumah Tangga | B8: 55042000
A9: Grand Total | B9: 309795000
H11: Row Labels | I11: Sum of Total Harga
H12: COD | I12: 50637000
H13: E-Wallet | I13: 65938000
H14: Kartu Kredit | I14: 52684000
H15: QRIS | I15: 59849000
H16: Transfer Bank | I16: 80687000
H17: Grand Total | I17: 309795000
A18: Row Labels | B18: Sum of Total Harga
A19: Januari | B19: 20634000
A20: Februari | B20: 22932000
A21: Maret | B21: 23285000
A22: April | B22: 23931000
A23: Mei | B23: 15008000
A24: Juni | B24: 30269000
A25: Juli | B25: 39542000
A26: Agustus | B26: 31239000
A27: September | B27: 30649000
A28: Oktober | B28: 28015000
A29: November | B29: 22785000
A30: Desember | B30: 21506000
A31: Grand Total | B31: 309795000

Sheet Jawaban
A3: Sum of Qty | B3: Column Labels
A4: Row Labels | B4: Januari | C4: Februari | D4: Maret | E4: April | F4: Mei | G4: Juni | H4: Juli | I4: Agustus | J4: September | K4: Oktober | L4: November | M4: Desember | N4: Grand Total | O4: Produk apa yang paling laku bulan tertentu?
A5: Serum Vitamin C | B5: 20 | C5: 4 | E5: 10 | F5: 13 | H5: 7 | J5: 7 | K5: 8 | L5: 11 | M5: 34 | N5: 114 | O5: Januari | P5: Sunscreen SPF50
A6: Gantungan Baju | B6: 5 | C6: 2 | D6: 7 | E6: 7 | F6: 7 | G6: 7 | H6: 11 | I6: 2 | J6: 1 | K6: 6 | M6: 28 | N6: 83 | O6: Februari | P6: Madu Hutan 500ml
A7: Tempat Sampah | B7: 18 | C7: 9 | D7: 11 | E7: 9 | H7: 20 | J7: 20 | K7: 28 | L7: 19 | M7: 24 | N7: 158 | O7: Maret | P7: Speaker Mini
A8: Keripik Singkong | B8: 5 | C8: 9 | E8: 1 | F8: 7 | G8: 29 | H8: 38 | I8: 31 | J8: 27 | K8: 6 | L8: 9 | M8: 21 | N8: 183 | O8: April | P8: Kaos Polos
A9: Micellar Water | B9: 10 | C9: 11 | D9: 6 | E9: 3 | F9: 1 | H9: 17 | I9: 17 | J9: 6 | K9: 8 | M9: 18 | N9: 97 | O9: Mei | P9: Sunscreen SPF50
A10: Teh Celup Box | B10: 4 | C10: 9 | D10: 20 | E10: 1 | F10: 4 | G10: 14 | H10: 33 | I10: 17 | J10: 10 | K10: 5 | L10: 9 | M10: 16 | N10: 142 | O10: Juni | P10: Celana Jeans
A11: Topi Baseball | B11: 19 | C11: 25 | D11: 8 | E11: 12 | F11: 6 | H11: 12 | I11: 1 | J11: 8 | K11: 26 | L11: 7 | M11: 15 | N11: 139 | O11: Juli | P11: Speaker Mini
A12: Speaker Mini | B12: 10 | C12: 25 | D12: 29 | E12: 33 | F12: 17 | H12: 38 | I12: 30 | J12: 2 | K12: 25 | L12: 16 | M12: 15 | N12: 240 | O12: Agustus | P12: Keripik Singkong
A13: Jaket Hoodie | B13: 3 | C13: 7 | D13: 4 | E13: 11 | G13: 8 | H13: 8 | I13: 10 | J13: 1 | K13: 2 | L13: 6 | M13: 14 | N13: 74 | O13: September | P13: Mouse Wireleess
A14: Cokelat Batang | B14: 10 | C14: 16 | D14: 9 | E14: 4 | F14: 20 | G14: 14 | I14: 2 | J14: 20 | K14: 11 | L14: 9 | M14: 14 | N14: 129 | O14: Oktober | P14: Tempat Sampah
A15: Headphone Bluetooth | B15: 7 | C15: 16 | D15: 24 | E15: 6 | F15: 15 | G15: 20 | H15: 27 | I15: 13 | J15: 2 | L15: 8 | M15: 12 | N15: 150 | O15: November | P15: Masker Wajah
A16: Lip Cream | B16: 21 | C16: 8 | G16: 14 | I16: 17 | J16: 9 | K16: 10 | L16: 2 | M16: 11 | N16: 92 | O16: Desember | P16: Serum Vitamin C
A17: Madu Hutan 500ml | B17: 8 | C17: 31 | D17: 18 | E17: 9 | G17: 11 | J17: 11 | K17: 5 | L17: 12 | M17: 11 | N17: 116
A18: Rak Serbaguna | B18: 12 | D18: 20 | E18: 5 | F18: 9 | G18: 9 | H18: 11 | I18: 8 | J18: 2 | K18: 17 | L18: 9 | M18: 10 | N18: 112
A19: Masker Wajah | B19: 2 | C19: 9 | D19: 13 | E19: 6 | F19: 5 | G19: 3 | H19: 28 | I19: 10 | J19: 11 | K19: 2 | L19: 27 | M19: 10 | N19: 126
A20: Sunscreen SPF50 | B20: 22 | E20: 10 | F20: 26 | G20: 1 | H20: 17 | I20: 10 | J20: 27 | K20: 27 | L20: 14 | M20: 8 | N20: 162
A21: Kemeja Flanel | B21: 9 | C21: 2 | D21: 7 | E21: 10 | F21: 10 | G21: 7 | H21: 16 | I21: 17 | J21: 5 | K21: 12 | L21: 12 | M21: 8 | N21: 115 | O21: Kirimkan data customer di kota X yang order-nya Selesai, untuk campaign
A22: Kaos Polos | B22: 12 | D22: 23 | E22: 34 | F22: 4 | G22: 13 | H22: 7 | I22: 4 | J22: 14 | K22: 24 | L22: 10 | M22: 7 | N22: 152 | O22: 10375 | P22: Nita Marpaung | Q22: 088562606029 | R22: Denpasar | S22: Kecantikan | T22: Serum Vitamin C | U22: 8 | V22: 35000 | W22: 280000 | X22: 45663 | Y22: Januari | Z22: QRIS | AA22: Selesai
A23: Kabel Data USB-C | B23: 3 | C23: 3 | D23: 14 | E23: 31 | F23: 10 | G23: 5 | H23: 11 | I23: 10 | J23: 10 | K23: 14 | L23: 9 | M23: 7 | N23: 127 | O23: 10342 | P23: Fajar Rahayu | Q23: 088963919195 | R23: Makassar | S23: Rumah Tangga | T23: Rak Serbaguna | U23: 9 | V23: 45000 | W23: 405000 | X23: 45805 | Y23: Mei | Z23: E-Wallet | AA23: Selesai
A24: Lampu LED | B24: 3 | C24: 18 | D24: 17 | F24: 15 | G24: 14 | H24: 17 | I24: 10 | L24: 14 | M24: 4 | N24: 112 | O24: 10177 | P24: Zaki Rahayu | Q24: 08999173816 | R24: Yogyakarta | S24: Kecantikan | T24: Micellar Water | U24: 5 | V24: 0 | W24: 0 | X24: 45691 | Y24: Februari | Z24: Kartu Kredit | AA24: Selesai
A25: Kopi Sachet 1kg | B25: 1 | C25: 22 | D25: 5 | E25: 9 | G25: 17 | H25: 2 | I25: 4 | J25: 30 | K25: 3 | L25: 15 | M25: 3 | N25: 111 | O25: 10372 | P25: Wawan Santoso | Q25: 08745508428 | R25: Denpasar | S25: Elektronik | T25: Speaker Mini | U25: 7 | V25: 25000 | W25: 175000 | X25: 45974 | Y25: November | Z25: COD | AA25: Selesai
A26: Sapu Lidi | B26: 13 | C26: 3 | D26: 3 | E26: 19 | F26: 1 | G26: 26 | H26: 14 | I26: 17 | J26: 2 | K26: 1 | L26: 8 | M26: 2 | N26: 109 | O26: 10031 | P26: Chandra Kusuma | Q26: 088527354549 | R26: Palembang | S26: Rumah Tangga | T26: Gantungan Baju | U26: 10 | V26: 250000 | W26: 2500000 | X26: 45852 | Y26: Juli | Z26: E-Wallet | AA26: Selesai
A27: Mouse Wireless | B27: 6 | C27: 10 | D27: 5 | E27: 22 | F27: 12 | G27: 11 | H27: 30 | I27: 20 | J27: 32 | K27: 27 | L27: 1 | M27: 1 | N27: 177 | O27: 10400 | P27: Vina Setiawan | Q27: 088968549822 | R27: Makassar | S27: Makanan | T27: Teh Celup Box | U27: 3 | V27: 45000 | W27: 135000 | X27: 45994 | Y27: Desember | Z27: Transfer Bank | AA27: Selesai
A28: Celana Jeans | B28: 8 | C28: 11 | D28: 8 | E28: 5 | F28: 20 | G28: 45 | H28: 2 | I28: 22 | J28: 9 | K28: 14 | L28: 20 | N28: 164 | O28: 10403 | P28: Zaki Gunawan | Q28: 088247395003 | R28: Bandung | S28: Fashion | T28: Kaos Polos | U28: 6 | V28: 15000 | W28: 90000 | X28: 45840 | Y28: Juli | Z28: E-Wallet | AA28: Selesai
A29: Powerbank 10000mAh | B29: 18 | F29: 7 | G29: 20 | H29: 19 | I29: 3 | J29: 22 | K29: 5 | L29: 23 | N29: 117 | O29: 10388 | P29: Rian Siregar | Q29: 088304891382 | R29: Semarang | S29: Kecantikan | T29: Masker Wajah | U29: 9 | V29: 99000 | W29: 891000 | X29: 45691 | Y29: Februari | Z29: Kartu Kredit | AA29: Selesai
A30: Grand Total | B30: 249 | C30: 250 | D30: 251 | E30: 257 | F30: 209 | G30: 288 | H30: 385 | I30: 275 | J30: 288 | K30: 286 | L30: 270 | M30: 293 | N30: 3301 | O30: 10406 | P30: Bella Lestari | Q30: 088912868578 | R30: Bandung | S30: Kecantikan | T30: Sunscreen SPF50 | U30: 9 | V30: 199000 | W30: 1791000 | X30: 45908 | Y30: September | Z30: COD | AA30: Selesai
O31: 10599 | P31: Lina Pratama | Q31: 08660464197 | R31: Medan | S31: Kecantikan | T31: Sunscreen SPF50 | U31: 10 | V31: 150000 | W31: 1500000 | X31: 45854 | Y31: Juli | Z31: Kartu Kredit | AA31: Selesai
O32: 10490 | P32: Dian Pratama | Q32: 088787112166 | R32: Makassar | S32: Makanan | T32: Teh Celup Box | U32: 2 | V32: 45000 | W32: 90000 | X32: 45856 | Y32: Juli | Z32: Kartu Kredit | AA32: Selesai
B33: Status | C33: (Multiple Items) | O33: 10448 | P33: Ahmad Hidayat | Q33: 088321840118 | R33: Surabaya | S33: Fashion | T33: Kaos Polos | U33: 9 | V33: 120000 | W33: 1080000 | X33: 45936 | Y33: Oktober | Z33: Transfer Bank | AA33: Selesai
O34: 10042 | P34: Ahmad Nasution | R34: Medan | S34: Kecantikan | T34: Micellar Water | U34: 3 | V34: 50000 | W34: 150000 | X34: 45882 | Y34: Agustus | Z34: Kartu Kredit | AA34: Selesai
B35: Row Labels | C35: Count of Status | E35: Kota mana yang order-nya paling banyak dibatalkan/retur? | O35: 10206 | P35: Indah Pratama | Q35: 088135775949 | R35: Malang | S35: Kecantikan | T35: Lip Cream | U35: 3 | V35: 250000 | W35: 750000 | X35: 45993 | Y35: Desember | Z35: COD | AA35: Selesai
B36: Makassar | C36: 33 | E36: Makassar | O36: 10531 | P36: Citra Saputra | Q36: 08760146723 | R36: Malang | S36: Makanan | T36: Kopi Sachet 1kg | U36: 4 | V36: 45000 | W36: 180000 | X36: 45711 | Y36: Februari | Z36: Kartu Kredit | AA36: Selesai
B37: Medan | C37: 28 | E37: Medan | O37: 10265 | P37: Oki Simatupang | Q37: 088764472649 | R37: Bandung | S37: Makanan | T37: Teh Celup Box | U37: 1 | V37: 150000 | W37: 150000 | X37: 45856 | Y37: Juli | Z37: QRIS | AA37: Selesai
B38: Semarang | C38: 27 | O38: 10201 | P38: Putri Wijaya | Q38: 088336138612 | R38: Bandung | S38: Makanan | T38: Kopi Sachet 1kg | U38: 2 | V38: 35000 | W38: 70000 | X38: 45933 | Y38: Oktober | Z38: QRIS | AA38: Selesai
B39: Bandung | C39: 27 | O39: 10496 | P39: Lina Hidayat | Q39: 088766558685 | R39: Malang | S39: Kecantikan | T39: Lip Cream | U39: 1 | V39: 50000 | W39: 50000 | X39: 45815 | Y39: Juni | Z39: QRIS | AA39: Selesai
B40: Yogyakarta | C40: 25 | O40: 10529 | P40: Tono Halim | Q40: 088870104159 | R40: Malang | S40: Makanan | T40: Madu Hutan 500ml | U40: 1 | V40: 99000 | W40: 99000 | X40: 45811 | Y40: Juni | Z40: Kartu Kredit | AA40: Selesai
B41: Palembang | C41: 25 | O41: 10583 | P41: Sari Siregar | Q41: 088324268774 | R41: Makassar | S41: Rumah Tangga | T41: Sapu Lidi | U41: 5 | V41: 150000 | W41: 750000 | X41: 45820 | Y41: Juni | Z41: QRIS | AA41: Selesai
B42: Surabaya | C42: 24 | O42: 10284 | P42: Fajar Rahayu | Q42: 08290227846 | R42: Jakarta | S42: Elektronik | T42: Mouse Wireless | U42: 7 | V42: 75000 | W42: 525000 | X42: 45911 | Y42: September | Z42: Transfer Bank | AA42: Selesai
B43: Denpasar | C43: 24 | O43: 10136 | P43: Rian Setiawan | Q43: 08636374545 | R43: Palembang | S43: Kecantikan | T43: Micellar Water | U43: 1 | V43: 25000 | W43: 25000 | X43: 45892 | Y43: Agustus | Z43: E-Wallet | AA43: Selesai
B44: Malang | C44: 21 | O44: 10434 | P44: Gita Wijaya | Q44: 088614150937 | R44: Bandung | S44: Rumah Tangga | T44: Tempat Sampah | U44: 10 | V44: 25000 | W44: 250000 | X44: 45983 | Y44: November | Z44: COD | AA44: Selesai
B45: Jakarta | C45: 18 | O45: 10238 | P45: Gita Marpaung | Q45: 088389448463 | R45: Makassar | S45: Fashion | T45: Jaket Hoodie | U45: 7 | V45: 99000 | W45: 693000 | X45: 45770 | Y45: April | Z45: E-Wallet | AA45: Selesai
B46: Grand Total | C46: 252 | O46: 10164 | P46: Eka Wijaya | Q46: 088417146774 | R46: Medan | S46: Elektronik | T46: Speaker Mini | U46: 10 | V46: 120000 | W46: 1200000 | X46: 45760 | Y46: April | Z46: Transfer Bank | AA46: Selesai
O47: 10114 | P47: Fajar Lestari | Q47: 08312038750 | R47: Palembang | S47: Makanan | T47: Kopi Sachet 1kg | U47: 9 | V47: 15000 | W47: 135000 | X47: 45696 | Y47: Februari | Z47: Transfer Bank | AA47: Selesai
O48: 10002 | P48: Citra Rahayu | Q48: 088164752553 | R48: Yogyakarta | S48: Fashion | T48: Kaos Polos | U48: 1 | V48: 250000 | W48: 250000 | X48: 45774 | Y48: April | Z48: E-Wallet | AA48: Selesai
O49: 10357 | P49: Erik Simatupang | Q49: 088745644948 | R49: Jakarta | S49: Makanan | T49: Teh Celup Box | U49: 3 | V49: 50000 | W49: 150000 | X49: 45717 | Y49: Maret | Z49: E-Wallet | AA49: Selesai
O50: 10258 | P50: Fajar Wijaya | Q50: 088451046368 | R50: Bandung | S50: Makanan | T50: Madu Hutan 500ml | U50: 1 | V50: 120000 | W50: 120000 | X50: 45700 | Y50: Februari | Z50: Transfer Bank | AA50: Selesai
O51: 10396 | P51: Kiki Saputra | Q51: 088325411076 | R51: Bandung | S51: Elektronik | T51: Mouse Wireless | U51: 1 | V51: 45000 | W51: 45000 | X51: 46011 | Y51: Desember | Z51: Kartu Kredit | AA51: Selesai
O52: 10029 | P52: Dewi Saputra | Q52: 088491905865 | R52: Malang | S52: Rumah Tangga | T52: Tempat Sampah | U52: 4 | V52: 25000 | W52: 100000 | X52: 45961 | Y52: Oktober | Z52: COD | AA52: Selesai
O53: 10564 | P53: Kiki Santoso | Q53: 088853800329 | R53: Yogyakarta | S53: Rumah Tangga | T53: Gantungan Baju | U53: 2 | V53: 75000 | W53: 150000 | X53: 45677 | Y53: Januari | Z53: Kartu Kredit | AA53: Selesai
O54: 10242 | P54: Putri Rahayu | Q54: 08491630097 | R54: Yogyakarta | S54: Fashion | T54: Kaos Polos | U54: 4 | V54: 250000 | W54: 1000000 | X54: 45880 | Y54: Agustus | Z54: E-Wallet | AA54: Selesai
O55: 10437 | P55: Dian Setiawan | Q55: 088505057397 | R55: Yogyakarta | S55: Makanan | T55: Teh Celup Box | U55: 9 | V55: 99000 | W55: 891000 | X55: 45996 | Y55: Desember | Z55: COD | AA55: Selesai
O56: 10579 | P56: Eka Nasution | R56: Medan | S56: Fashion | T56: Jaket Hoodie | U56: 2 | V56: 150000 | W56: 300000 | X56: 45892 | Y56: Agustus | Z56: E-Wallet | AA56: Selesai
O57: 10077 | P57: Yani Lestari | Q57: 088518888806 | R57: Makassar | S57: Makanan | T57: Madu Hutan 500ml | U57: 4 | V57: 199000 | W57: 796000 | X57: 45696 | Y57: Februari | Z57: COD | AA57: Selesai
O58: 10565 | P58: Wawan Hidayat | Q58: 088306178932 | R58: Palembang | S58: Rumah Tangga | T58: Lampu LED | U58: 8 | V58: 50000 | W58: 400000 | X58: 45725 | Y58: Maret | Z58: COD | AA58: Selesai
O59: 10491 | P59: Kiki Kusuma | Q59: 088723590960 | R59: Yogyakarta | S59: Rumah Tangga | T59: Lampu LED | U59: 8 | V59: 25000 | W59: 200000 | X59: 45800 | Y59: Mei | Z59: Kartu Kredit | AA59: Selesai
O60: 10440 | P60: Ahmad Kusuma | Q60: 088115931952 | R60: Makassar | S60: Rumah Tangga | T60: Gantungan Baju | U60: 7 | V60: 45000 | W60: 315000 | X60: 45772 | Y60: April | Z60: E-Wallet | AA60: Selesai
O61: 10465 | P61: Fajar Wijaya | Q61: 088475541108 | R61: Medan | S61: Kecantikan | T61: Sunscreen SPF50 | U61: 5 | V61: 120000 | W61: 600000 | X61: 45801 | Y61: Mei | Z61: QRIS | AA61: Selesai
O62: 10239 | P62: Eka Rahayu | Q62: 088802144270 | R62: Palembang | S62: Rumah Tangga | T62: Sapu Lidi | U62: 10 | V62: 120000 | W62: 1200000 | X62: 45842 | Y62: Juli | Z62: E-Wallet | AA62: Selesai
O63: 10329 | P63: Eka Nugroho | Q63: 08207545279 | R63: Denpasar | S63: Makanan | T63: Cokelat Batang | U63: 9 | V63: 25000 | W63: 225000 | X63: 45696 | Y63: Februari | Z63: Kartu Kredit | AA63: Selesai
O64: 10145 | P64: Fajar Halim | Q64: 088917785079 | R64: Semarang | S64: Elektronik | T64: Headphone Bluetooth | U64: 6 | V64: 99000 | W64: 594000 | X64: 45797 | Y64: Mei | Z64: QRIS | AA64: Selesai
O65: 10228 | P65: Rian Marpaung | Q65: 088750036915 | R65: Denpasar | S65: Makanan | T65: Madu Hutan 500ml | U65: 7 | V65: 250000 | W65: 1750000 | X65: 45747 | Y65: Maret | Z65: Kartu Kredit | AA65: Selesai
O66: 10138 | P66: Gita Lestari | Q66: 088436110371 | R66: Surabaya | S66: Elektronik | T66: Speaker Mini | U66: 5 | V66: 25000 | W66: 125000 | X66: 45848 | Y66: Juli | Z66: COD | AA66: Selesai
O67: 10302 | P67: Erik Simatupang | Q67: 088478700505 | R67: Surabaya | S67: Fashion | T67: Kaos Polos | U67: 10 | V67: 45000 | W67: 450000 | X67: 45908 | Y67: September | Z67: Kartu Kredit | AA67: Selesai
O68: 10273 | P68: Oki Pratama | Q68: 088441448850 | R68: Malang | S68: Rumah Tangga | T68: Rak Serbaguna | U68: 0 | V68: 75000 | W68: 0 | X68: 45944 | Y68: Oktober | Z68: COD | AA68: Selesai
... O84: 10446 | P84: Vina Siregar | Q84: 088783099974 | R84: Palembang | S84: Rumah Tangga | T84: Sapu Lidi | U84: 8 | V84: 75000 | W84: 600000 | X84: 45663 | Y84: Januari | Z84: Transfer Bank | AA84: Selesai
O85: 10247 | P85: Wawan Nasution | R85: Malang | S85: Makanan | T85: Madu Hutan 500ml | U85: 1 | V85: 75000 | W85: 75000 | X85: 45771 | Y85: April | Z85: QRIS | AA85: Selesai
O86: 10501 | P86: Citra Kusuma | Q86: 08027523343 | R86: Makassar | S86: Makanan | T86: Keripik Singkong | U86: 1 | V86: 199000 | W86: 199000 | X86: 46020 | Y86: Desember | Z86: QRIS | AA86: Selesai
O87: 10563 | P87: Lina Hidayat | Q87: 088674124151 | R87: Malang | S87: Rumah Tangga | T87: Gantungan Baju | U87: 3 | V87: 120000 | W87: 360000 | X87: 45663 | Y87: Januari | Z87: Transfer Bank | AA87: Selesai
O88: 10516 | P88: Rian Hidayat | Q88: 08113072407 | R88: Bandung | S88: Kecantikan | T88: Masker Wajah | U88: 3 | V88: 250000 | W88: 750000 | X88: 45815 | Y88: Juni | Z88: QRIS | AA88: Selesai
O89: 10246 | P89: Ahmad Lestari | Q89: 08220317310 | R89: Semarang | S89: Rumah Tangga | T89: Sapu Lidi | U89: 2 | V89: 25000 | W89: 50000 | X89: 45925 | Y89: September | Z89: Transfer Bank | AA89: Selesai
O90: 10331 | P90: Tono Wijaya | Q90: 08393250124 | R90: Jakarta | S90: Elektronik | T90: Headphone Bluetooth | U90: 5 | V90: 250000 | W90: 1250000 | X90: 45809 | Y90: Juni | Z90: Transfer Bank | AA90: Selesai
O91: 10133 | P91: Tono Pratama | Q91: 088340745171 | R91: Denpasar | S91: Makanan | T91: Kopi Sachet 1kg | U91: 8 | V91: 150000 | W91: 1200000 | X91: 45769 | Y91: April | Z91: Kartu Kredit | AA91: Selesai
O92: 10208 | P92: Vina Kusuma | Q92: 088969308488 | R92: Surabaya | S92: Fashion | T92: Celana Jeans | U92: 2 | V92: 25000 | W92: 50000 | X92: 45667 | Y92: Januari | Z92: QRIS | AA92: Selesai
O93: 10369 | P93: Joko Wijaya | Q93: 088695814671 | R93: Makassar | S93: Makanan | T93: Cokelat Batang | U93: 10 | V93: 250000 | W93: 2500000 | X93: 45907 | Y93: September | Z93: COD | AA93: Selesai
O94: 10169 | P94: Fajar Setiawan | Q94: 088450544471 | R94: Surabaya | S94: Makanan | T94: Teh Celup Box | U94: 1 | V94: 99000 | W94: 99000 | X94: 45827 | Y94: Juni | Z94: COD | AA94: Selesai
O95: 10407 | P95: Kiki Halim | Q95: 088373634669 | R95: Palembang | S95: Rumah Tangga | T95: Tempat Sampah | U95: 5 | V95: 199000 | W95: 995000 | X95: 45863 | Y95: Juli | Z95: QRIS | AA95: Selesai
O96: 10308 | P96: Budi Halim | Q96: 08220781137 | R96: Bandung | S96: Kecantikan | T96: Lip Cream | U96: 10 | V96: 120000 | W96: 1200000 | X96: 45680 | Y96: Januari | Z96: Transfer Bank | AA96: Selesai
O97: 10295 | P97: Ahmad Hidayat | R97: Yogyakarta | S97: Fashion | T97: Celana Jeans | U97: 9 | V97: 15000 | W97: 135000 | X97: 45973 | Y97: November | Z97: Transfer Bank | AA97: Selesai
O98: 10067 | P98: Vina Rahayu | R98: Malang | S98: Kecantikan | T98: Micellar Water | U98: 2 | V98: 50000 | W98: 100000 | X98: 45894 | Y98: Agustus | Z98: Kartu Kredit | AA98: Selesai
O99: 10364 | P99: Fitri Nasution | Q99: 088081866179 | R99: Surabaya | S99: Kecantikan | T99: Sunscreen SPF50 | U99: 9 | V99: 99000 | W99: 891000 | X99: 45663 | Y99: Januari | Z99: QRIS | AA99: Selesai
O100: 10282 | P100: Joko Halim | Q100: 088876963938 | R100: Malang | S100: Makanan | T100: Kopi Sachet 1kg | U100: 7 | V100: 25000 | W100: 175000 | X100: 45824 | Y100: Juni | Z100: QRIS | AA100: Selesai
O101: 10466 | P101: Lina Halim | Q101: 088291093371 | R101: Denpasar | S101: Kecantikan | T101: Sunscreen SPF50 | U101: 5 | V101: 45000 | W101: 225000 | X101: 45957 | Y101: Oktober | Z101: Kartu Kredit | AA101: Selesai
O102: 10320 | P102: Wawan Gunawan | Q102: 088727520885 | R102: Surabaya | S102: Rumah Tangga | T102: Gantungan Baju | U102: 3 | V102: 150000 | W102: 450000 | X102: 45812 | Y102: Juni | Z102: Transfer Bank | AA102: Selesai
O103: 10484 | P103: Lina Gunawan | Q103: 08438303419 | R103: Bandung | S103: Fashion | T103: Topi Baseball | U103: 2 | V103: 25000 | W103: 50000 | X103: 45766 | Y103: April | Z103: QRIS | AA103: Selesai
O104: 10474 | P104: Ahmad Kusuma | Q104: 088797245723 | R104: Surabaya | S104: Makanan | T104: Kopi Sachet 1kg | U104: 1 | V104: 25000 | W104: 25000 | X104: 45935 | Y104: Oktober | Z104: E-Wallet | AA104: Selesai
O105: 10166 | P105: Sari Wijaya | Q105: 088089899217 | R105: Denpasar | S105: Makanan | T105: Teh Celup Box | U105: 10 | V105: 45000 | W105: 450000 | X105: 45901 | Y105: September | Z105: E-Wallet | AA105: Selesai
O106: 10464 | P106: Dian Wijaya | Q106: 088041454563 | R106: Makassar | S106: Kecantikan | T106: Sunscreen SPF50 | U106: 4 | V106: 75000 | W106: 300000 | X106: 45846 | Y106: Juli | Z106: Kartu Kredit | AA106: Selesai
O107: 10349 | P107: Indah Lestari | Q107: 088348645183 | R107: Palembang | S107: Kecantikan | T107: Lip Cream | U107: 1 | V107: 250000 | W107: 250000 | X107: 45968 | Y107: November | Z107: Transfer Bank | AA107: Selesai
O108: 10594 | P108: Joko Wijaya | Q108: 088249839225 | R108: Denpasar | S108: Rumah Tangga | T108: Tempat Sampah | U108: 5 | V108: 199000 | W108: 995000 | X108: 45863 | Y108: Juli | Z108: QRIS | AA108: Selesai
O109: 10237 | P109: Indah Lestari | Q109: 08774064930 | R109: Medan | S109: Makanan | T109: Keripik Singkong | U109: 6 | V109: 50000 | W109: 300000 | X109: 45898 | Y109: Agustus | Z109: QRIS | AA109: Selesai
O110: 10253 | P110: Fitri Gunawan | Q110: 088058925832 | R110: Makassar | S110: Elektronik | T110: Powerbank 10000mAh | U110: 10 | V110: 15000 | W110: 150000 | X110: 45982 | Y110: November | Z110: Kartu Kredit | AA110: Selesai
... O112: 10428 | P112: Oki Marpaung | Q112: 088498282467 | R112: Malang | S112: Rumah Tangga | T112: Lampu LED | U112: 8 | V112: 15000 | W112: 120000 | X112: 45853 | Y112: Juli | Z112: Kartu Kredit | AA112: Selesai
O113: 10418 | P113: Budi Simatupang | R113: Jakarta | S113: Rumah Tangga | T113: Tempat Sampah | U113: 6 | V113: 99000 | W113: 594000 | X113: 45934 | Y113: Oktober | Z113: Kartu Kredit | AA113: Selesai
O114: 10162 | P114: Vina Nugroho | Q114: 088621815997 | R114: Palembang | S114: Elektronik | T114: Speaker Mini | U114: 1 | V114: 75000 | W114: 75000 | X114: 45791 | Y114: Mei | Z114: Transfer Bank | AA114: Selesai
O115: 10296 | P115: Rian Pratama | R115: Yogyakarta | S115: Kecantikan | T115: Lip Cream | U115: 4 | V115: 15000 | W115: 60000 | X115: 45670 | Y115: Januari | Z115: QRIS | AA115: Selesai
O116: 10384 | P116: Wawan Marpaung | Q116: 08094818139 | R116: Bandung | S116: Kecantikan | T116: Micellar Water | U116: 1 | V116: 250000 | W116: 250000 | X116: 45884 | Y116: Agustus | Z116: E-Wallet | AA116: Selesai
O117: 10502 | P117: Zaki Siregar | Q117: 088911244211 | R117: Medan | S117: Elektronik | T117: Powerbank 10000mAh | U117: 1 | V117: 250000 | W117: 250000 | X117: 45954 | Y117: Oktober | Z117: Transfer Bank | AA117: Selesai
O118: 10033 | P118: Rian Halim | Q118: 08518233749 | R118: Denpasar | S118: Kecantikan | T118: Masker Wajah | U118: 5 | V118: 50000 | W118: 250000 | X118: 45786 | Y118: Mei | Z118: COD | AA118: Selesai
...

Sheet Tabel Referensi
A1: Order ID | B1: Name(Proper)Without ID | C1: No HP New | D1: Kota(Proper) | E1: Kategori | F1: Produk | G1: Qty | H1: Harga Satuan | I1: Total Harga | J1: Tanggal Order | K1: Nama Bulan Order | L1: Metode Bayar | M1: Status | N1: Jumlah Order Per Status
A2: 10375 | B2: Nita Marpaung | C2: 088562606029 | D2: Denpasar | E2: Kecantikan | F2: Serum Vitamin C | G2: 8 | H2: 35000 | I2: 280000 | J2: 45663 | K2: Januari | L2: QRIS | M2: Selesai
A3: 10342 | B3: Fajar Rahayu | C3: 088963919195 | D3: Makassar | E3: Rumah Tangga | F3: Rak Serbaguna | G3: 9 | H3: 45000 | I3: 405000 | J3: 45805 | K3: Mei | L3: E-Wallet | M3: Selesai | N3: Selesai | O3: 113
A4: 10232 | B4: Dian Hidayat | C4: 088716947225 | D4: Malang | E4: Makanan | F4: Keripik Singkong | G4: 5 | H4: 75000 | I4: 375000 | J4: 45824 | K4: Juni | L4: QRIS | M4: Dikirim | N4: Dibatalkan | O4: 129
A5: 10144 | B5: Zaki Nugroho | C5: 08210202758 | D5: Bandung | E5: Rumah Tangga | F5: Rak Serbaguna | G5: 8 | H5: 199000 | I5: 1592000 | J5: 45880 | K5: Agustus | L5: Transfer Bank | M5: Dibatalkan | N5: Dikirim | O5: 113
A6: 10344 | B6: Putri Hidayat | C6: 088723246651 | D6: Semarang | E6: Makanan | F6: Cokelat Batang | G6: 7 | H6: 199000 | I6: 1393000 | J6: 45978 | K6: November | L6: Transfer Bank | M6: Retur | N6: Diproses | O6: 122
A7: 10503 | B7: Fitri Hidayat | C7: 08657224029 | D7: Jakarta | E7: Elektronik | F7: Kabel Data USB-C | G7: 2 | H7: 120000 | I7: 240000 | J7: 45978 | K7: November | L7: Transfer Bank | M7: Diproses | N7: Retur | O7: 123
A8: 10367 | B8: Eka Saputra | C8: 088831472760 | D8: Jakarta | E8: Fashion | F8: Kaos Polos | G8: 4 | H8: 120000 | I8: 480000 | J8: 45990 | K8: November | L8: COD | M8: Diproses | O8: 600
A9: 10480 | B9: Joko Simatupang | C9: 088065019179 | D9: Denpasar | E9: Fashion | F9: Jaket Hoodie | G9: 4 | H9: 15000 | I9: 60000 | J9: 45994 | K9: Desember | L9: Transfer Bank | M9: Diproses
A10: 10177 | B10: Zaki Rahayu | C10: 08999173816 | D10: Yogyakarta | E10: Kecantikan | F10: Micellar Water | G10: 5 | H10: 120000 | I10: =G10*H10 -> 600000 | J10: 45691 | K10: Februari | L10: Kartu Kredit | M10: Selesai | N10: Total Penjualan/Kategori | O10: Kecantikan | P10: Rumah Tangga | Q10: Makanan | R10: Elektronik | S10: Fashion
A11: 10091 | B11: Rian Simatupang | C11: 088016245650 | D11: Bandung | E11: Kecantikan | F11: Serum Vitamin C | G11: 1 | H11: 50000 | I11: 50000 | J11: 45970 | K11: November | L11: QRIS | M11: Dikirim | O11: =SUMIF($E$2:$E$601,O10,$I$2:$I$601) -> 56229000 | P11: =SUMIF($E$2:$E$601,P10,$I$2:$I$601) -> 55042000 | Q11: =SUMIF($E$2:$E$601,Q10,$I$2:$I$601) -> 60421000 | R11: =SUMIF($E$2:$E$601,R10,$I$2:$I$601) -> 84805000 | S11: =SUMIF($E$2:$E$601,S10,$I$2:$I$601) -> 53298000
A12: 10008 | B12: Oki Pratama | D12: Bandung | E12: Kecantikan | F12: Serum Vitamin C | G12: 10 | H12: 150000 | I12: 1500000 | J12: 45775 | K12: April | L12: QRIS | M12: Diproses
A13: 10043 | B13: Bella Nugroho | C13: 088274846773 | D13: Semarang | E13: Elektronik | F13: Mouse Wireless | G13: 7 | H13: 25000 | I13: 175000 | J13: 45773 | K13: April | L13: Transfer Bank | M13: Dikirim | N13: Total | O13: =SUM(O11:S11) -> 309795000
A14: 10598 | B14: Gita Rahayu | C14: 088704622681 | D14: Jakarta | E14: Rumah Tangga | F14: Lampu LED | G14: 7 | H14: 35000 | I14: 245000 | J14: 45803 | K14: Mei | L14: E-Wallet | M14: Dikirim
A15: 10544 | B15: Gita Gunawan | C15: 088030102724 | D15: Medan | E15: Fashion | F15: Kaos Polos | G15: 10 | H15: 15000 | I15: 150000 | J15: 45774 | K15: April | L15: Kartu Kredit | M15: Retur
A16: 10111 | B16: Gita Hidayat | C16: 088363854678 | D16: Bandung | E16: Kecantikan | F16: Serum Vitamin C | G16: 4 | H16: 45000 | I16: 180000 | J16: 45691 | K16: Februari | L16: Kartu Kredit | M16: Diproses | N16: Total Penjualan/Kota | O16: Bandung | P16: Denpasar | Q16: Jakarta | R16: Makassar | S16: Malang | T16: Medan | U16: Palembang | V16: Semarang | W16: Surabaya | X16: Yogyakarta
A17: 10051 | B17: Bella Halim | C17: 08236851604 | D17: Denpasar | E17: Fashion | F17: Celana Jeans | G17: 8 | H17: 50000 | I17: 400000 | J17: 45831 | K17: Juni | L17: Transfer Bank | M17: Dikirim | O17: =SUMIF($D$2:$D$601,O16,$I$2:$I$601) -> 36146000 | P17: =SUMIF($D$2:$D$601,P16,$I$2:$I$601) -> 31305000 | Q17: =SUMIF($D$2:$D$601,Q16,$I$2:$I$601) -> 27872000 | R17: =SUMIF($D$2:$D$601,R16,$I$2:$I$601) -> 35012000 | S17: =SUMIF($D$2:$D$601,S16,$I$2:$I$601) -> 24920000 | T17: =SUMIF($D$2:$D$601,T16,$I$2:$I$601) -> 34709000 | U17: =SUMIF($D$2:$D$601,U16,$I$2:$I$601) -> 29862000 | V17: =SUMIF($D$2:$D$601,V16,$I$2:$I$601) -> 37590000 | ... X17: =SUMIF($D$2:$D$601,X16,$I$2:$I$601) -> 24186000
A18: 10097 | B18: Putri Halim | C18: 088415747338 | D18: Semarang | E18: Elektronik | F18: Mouse Wireless | G18: 9 | H18: 99000 | I18: 891000 | J18: 45860 | K18: Juli | L18: E-Wallet | M18: Diproses
A19: 10569 | B19: Erik Santoso | D19: Bandung | E19: Elektronik | F19: Mouse Wireless | G19: 10 | H19: 75000 | I19: 750000 | J19: 45872 | K19: Agustus | L19: QRIS | M19: Retur | N19: Total | O19: =SUM(O17:X17) -> 309795000
A20: 10040 | B20: Hadi Saputra | C20: 088671756551 | D20: Malang | E20: Fashion | F20: Kemeja Flanel | G20: 9 | H20: 250000 | I20: 2250000 | J20: 45884 | K20: Agustus | L20: E-Wallet | M20: Diproses
A21: 10397 | B21: Bella Gunawan | C21: 088997179110 | D21: Bandung | E21: Rumah Tangga | F21: Lampu LED | G21: 6 | H21: 15000 | I21: 90000 | J21: 45828 | K21: Juni | L21: QRIS | M21: Diproses
A22: 10415 | B22: Made Hidayat | C22: 088743027169 | D22: Bandung | E22: Rumah Tangga | F22: Tempat Sampah | G22: 3 | H22: 199000 | I22: 597000 | J22: 45952 | K22: Oktober | L22: E-Wallet | M22: Retur
A23: 10172 | B23: Dian Nasution | D23: Denpasar | E23: Kecantikan | F23: Sunscreen SPF50 | G23: 5 | H23: 25000 | I23: 125000 | J23: 45803 | K23: Mei | L23: Transfer Bank | M23: Dikirim
A24: 10518 | B24: Made Santoso | C24: 088310094318 | D24: Semarang | E24: Makanan | F24: Teh Celup Box | G24: 9 | H24: 99000 | I24: 891000 | J24: 45713 | K24: Februari | L24: Transfer Bank | M24: Diproses
A25: 10231 | B25: Dian Wijaya | C25: 088455884506 | D25: Jakarta | E25: Fashion | F25: Kaos Polos | G25: 4 | H25: 50000 | I25: 200000 | J25: 45666 | K25: Januari | L25: Transfer Bank | M25: Dikirim
A26: 10124 | B26: Lina Pratama | C26: 088167243426 | D26: Bandung | E26: Makanan | F26: Keripik Singkong | G26: 9 | H26: 15000 | I26: 135000 | J26: 45894 | K26: Agustus | L26: COD | M26: Dikirim
A27: 10195 | B27: Rian Gunawan | C27: 088608106200 | D27: Yogyakarta | E27: Rumah Tangga | F27: Gantungan Baju | G27: 10 | H27: 250000 | I27: 2500000 | J27: 46021 | K27: Desember | L27: Kartu Kredit | M27: Retur
A28: 10095 | B28: Rian Siregar | C28: 08368970283 | D28: Bandung | E28: Makanan | F28: Kopi Sachet 1kg | G28: 4 | H28: 15000 | I28: 60000 | J28: 45883 | K28: Agustus | L28: E-Wallet | M28: Dikirim
A29: 10009 | B29: Hadi Kusuma | C29: 088997376311 | D29: Yogyakarta | E29: Makanan | F29: Keripik Singkong | G29: 5 | H29: 250000 | I29: 1250000 | J29: 45817 | K29: Juni | L29: COD | M29: Retur
A30: 10493 | B30: Citra Rahayu | C30: 088423567782 | D30: Makassar | E30: Fashion | F30: Celana Jeans | G30: 3 | H30: 15000 | I30: 45000 | J30: 45705 | K30: Februari | L30: Kartu Kredit | M30: Dibatalkan
A31: 10568 | B31: Gita Marpaung | C31: 088047350476 | D31: Denpasar | E31: Kecantikan | F31: Lip Cream | G31: 7 | H31: 99000 | I31: 693000 | J31: 45884 | K31: Agustus | L31: Kartu Kredit | M31: Dikirim
A32: 10372 | B32: Wawan Santoso | C32: 08745508428 | D32: Denpasar | E32: Elektronik | F32: Speaker Mini | G32: 7 | H32: 25000 | I32: 175000 | J32: 45974 | K32: November | L32: COD | M32: Selesai
A33: 10093 | B33: Rian Siregar | C33: 08825952694 | D33: Medan | E33: Elektronik | F33: Powerbank 10000mAh | G33: 6 | H33: 120000 | I33: 720000 | J33: 45923 | K33: September | L33: Kartu Kredit | M33: Diproses
A34: 10269 | B34: Tono Nasution | C34: 088830220502 | D34: Makassar | E34: Elektronik | F34: Mouse Wireless | G34: 10 | H34: 15000 | I34: 150000 | J34: 45783 | K34: Mei | L34: QRIS | M34: Dibatalkan
A35: 10094 | B35: Rian Nasution | C35: 088097499309 | D35: Semarang | E35: Elektronik | F35: Speaker Mini | G35: 6 | H35: 250000 | I35: 1500000 | J35: 45714 | K35: Februari | L35: Kartu Kredit | M35: Retur
... A42: 10031 | B42: Chandra Kusuma | C42: 088527354549 | D42: Palembang | E42: Rumah Tangga | F42: Gantungan Baju | G42: 10 | H42: 250000 | I42: 2500000 | J42: 45852 | K42: Juli | L42: E-Wallet | M42: Selesai
A43: 10179 | B43: Ahmad Santoso | D43: Jakarta | E43: Makanan | F43: Teh Celup Box | G43: 7 | H43: 99000 | I43: 693000 | J43: 45877 | K43: Agustus | L43: Kartu Kredit | M43: Dikirim
A44: 10400 | B44: Vina Setiawan | C44: 088968549822 | D44: Makassar | E44: Makanan | F44: Teh Celup Box | G44: 3 | H44: 45000 | I44: 135000 | J44: 45994 | K44: Desember | L44: Transfer Bank | M44: Selesai
A45: 10444 | B45: Made Pratama | C45: 088742333059 | D45: Yogyakarta | E45: Elektronik | F45: Speaker Mini | G45: 8 | H45: 250000 | I45: 2000000 | J45: 45741 | K45: Maret | L45: QRIS | M45: Diproses
A46: 10403 | B46: Zaki Gunawan | C46: 088247395003 | D46: Bandung | E46: Fashion | F46: Kaos Polos | G46: 6 | H46: 15000 | I46: 90000 | J46: 45840 | K46: Juli | L46: E-Wallet | M46: Selesai
A47: 10382 | B47: Putri Saputra | D47: Surabaya | E47: Rumah Tangga | F47: Rak Serbaguna | G47: 5 | H47: 50000 | I47: 250000 | J47: 45768 | K47: April | L47: COD | M47: Dikirim
A48: 10576 | B48: Umi Marpaung | C48: 088788116162 | D48: Semarang | E48: Fashion | F48: Topi Baseball | G48: 8 | H48: 150000 | I48: 1200000 | J48: 45913 | K48: September | L48: E-Wallet | M48: Diproses
A49: 10321 | B49: Erik Rahayu | C49: 08069375150 | D49: Surabaya | E49: Rumah Tangga | F49: Sapu Lidi | G49: 2 | H49: 120000 | I49: 240000 | J49: 45678 | K49: Januari | L49: COD | M49: Retur
A50: 10409 | B50: Andi Santoso | C50: 088431115083 | D50: Bandung | E50: Elektronik | F50: Speaker Mini | G50: 2 | H50: 50000 | I50: 100000 | J50: 45914 | K50: September | L50: QRIS | M50: Retur
A51: 10520 | B51: Kiki Kusuma | D51: Surabaya | E51: Rumah Tangga | F51: Lampu LED | G51: 1 | H51: 250000 | I51: 250000 | J51: 45900 | K51: Agustus | L51: Kartu Kredit | M51: Dibatalkan
A52: 10004 | B52: Vina Nasution | C52: 088965328710 | D52: Palembang | E52: Kecantikan | F52: Sunscreen SPF50 | G52: 4 | H52: 150000 | I52: 600000 | J52: 45933 | K52: Oktober | L52: E-Wallet | M52: Retur
A53: 10287 | B53: Eka Saputra | C53: 088969278687 | D53: Medan | E53: Rumah Tangga | F53: Tempat Sampah | G53: 3 | H53: 25000 | I53: 75000 | J53: 45994 | K53: Desember | L53: Kartu Kredit | M53: Dikirim
A54: 10470 | B54: Sari Nugroho | C54: 088059551842 | D54: Medan | E54: Fashion | F54: Celana Jeans | G54: 3 | H54: 50000 | I54: 150000 | J54: 45684 | K54: Januari | L54: COD | M54: Diproses
A55: 10154 | B55: Budi Santoso | C55: 088244720999 | D55: Makassar | E55: Rumah Tangga | F55: Tempat Sampah | G55: 1 | H55: 99000 | I55: 99000 | J55: 46007 | K55: Desember | L55: Kartu Kredit | M55: Diproses
A56: 10562 | B56: Eka Pratama | D56: Denpasar | E56: Fashion | F56: Kaos Polos | G56: 10 | H56: 15000 | I56: 150000 | J56: 45757 | K56: April | L56: QRIS | M56: Diproses
A57: 10547 | B57: Hadi Simatupang | C57: 088104967066 | D57: Jakarta | E57: Rumah Tangga | F57: Rak Serbaguna | G57: 5 | H57: 50000 | I57: 250000 | J57: 45959 | K57: Oktober | L57: Kartu Kredit | M57: Dibatalkan
A58: 10481 | B58: Eka Halim | C58: 088847657041 | D58: Jakarta | E58: Elektronik | F58: Headphone Bluetooth | G58: 10 | H58: 99000 | I58: 990000 | J58: 45734 | K58: Maret | L58: COD | M58: Dikirim
A59: 10373 | B59: Yani Wijaya | C59: 088135247871 | D59: Palembang | E59: Elektronik | F59: Mouse Wireless | G59: 10 | H59: 25000 | I59: 250000 | J59: 45945 | K59: Oktober | L59: Transfer Bank | M59: Retur
A60: 10386 | B60: Budi Nasution | C60: 088182422412 | D60: Yogyakarta | E60: Fashion | F60: Kemeja Flanel | G60: 1 | H60: 150000 | I60: 150000 | J60: 45820 | K60: Juni | L60: Kartu Kredit | M60: Dibatalkan
A61: 10163 | B61: Vina Santoso | C61: 08844431069 | D61: Makassar | E61: Elektronik | F61: Headphone Bluetooth | G61: 6 | H61: 45000 | I61: 270000 | J61: 45755 | K61: April | L61: Kartu Kredit | M61: Retur
A62: 10388 | B62: Rian Siregar | C62: 088304891382 | D62: Semarang | E62: Kecantikan | F62: Masker Wajah | G62: 9 | H62: 99000 | I62: 891000 | J62: 45691 | K62: Februari | L62: Kartu Kredit | M62: Selesai
A63: 10361 | B63: Kiki Wijaya | C63: 088189616423 | D63: Palembang | E63: Makanan | F63: Keripik Singkong | G63: 4 | H63: 15000 | I63: 60000 | J63: 45987 | K63: November | L63: E-Wallet | M63: Dibatalkan
A64: 10355 | B64: Oki Nugroho | C64: 088669411800 | D64: Malang | E64: Rumah Tangga | F64: Rak Serbaguna | G64: 1 | H64: 120000 | I64: 120000 | J64: 45726 | K64: Maret | L64: E-Wallet | M64: Dikirim
A65: 10229 | B65: Dian Setiawan | C65: 088365564729 | D65: Denpasar | E65: Fashion | F65: Celana Jeans | G65: 8 | H65: 199000 | I65: 1592000 | J65: 45833 | K65: Juni | L65: E-Wallet | M65: Diproses
A66: 10511 | B66: Chandra Marpaung | D66: Semarang | E66: Kecantikan | F66: Masker Wajah | G66: 2 | H66: 150000 | I66: 300000 | J66: 45936 | K66: Oktober | L66: Kartu Kredit | M66: Retur
A67: 10106 | B67: Dewi Santoso | C67: 088633752431 | D67: Makassar | E67: Fashion | F67: Jaket Hoodie | G67: 1 | H67: 15000 | I67: 15000 | J67: 45810 | K67: Juni | L67: Kartu Kredit | M67: Retur
A68: 10406 | B68: Bella Lestari | C68: 088912868578 | D68: Bandung | E68: Kecantikan | F68: Sunscreen SPF50 | G68: 9 | H68: 199000 | I68: 1791000 | J68: 45908 | K68: September | L68: COD | M68: Selesai
A69: 10599 | B69: Lina Pratama | C69: 08660464197 | D69: Medan | E69: Kecantikan | F69: Sunscreen SPF50 | G69: 10 | H69: 150000 | I69: 1500000 | J69: 45854 | K69: Juli | L69: Kartu Kredit | M69: Selesai
A70: 10495 | B70: Fitri Lestari | C70: 088910336829 | D70: Yogyakarta | E70: Rumah Tangga | F70: Sapu Lidi | G70: 9 | H70: 15000 | I70: 135000 | J70: 45888 | K70: Agustus | L70: COD | M70: Dikirim
A71: 10032 | B71: Andi Hidayat | C71: 088014363495 | D71: Bandung | E71: Rumah Tangga | F71: Tempat Sampah | G71: 9 | H71: 45000 | I71: 405000 | J71: 46011 | K71: Desember | L71: Kartu Kredit | M71: Dikirim
A72: 10202 | B72: Yani Gunawan | C72: 08667665061 | D72: Jakarta | E72: Elektronik | F72: Powerbank 10000mAh | G72: 5 | H72: 150000 | I72: 750000 | J72: 45810 | K72: Juni | L72: QRIS | M72: Diproses
A73: 10198 | B73: Made Wijaya | C73: 08202590947 | D73: Semarang | E73: Kecantikan | F73: Sunscreen SPF50 | G73: 3 | H73: 199000 | I73: 597000 | J73: 45788 | K73: Mei | L73: Transfer Bank | M73: Dibatalkan
A74: 10341 | B74: Budi Simatupang | C74: 08659171357 | D74: Malang | E74: Rumah Tangga | F74: Sapu Lidi | G74: 1 | H74: 120000 | I74: 120000 | J74: 45959 | K74: Oktober | L74: Transfer Bank | M74: Dibatalkan
A75: 10420 | B75: Fajar Kusuma | C75: 088081647090 | D75: Semarang | E75: Rumah Tangga | F75: Sapu Lidi | G75: 3 | H75: 45000 | I75: 135000 | J75: 45675 | K75: Januari | L75: QRIS | M75: Diproses
A76: 10081 | B76: Dewi Kusuma | C76: 088596401658 | D76: Semarang | E76: Rumah Tangga | F76: Gantungan Baju | G76: 7 | H76: 35000 | I76: 245000 | J76: 46011 | K76: Desember | L76: Kartu Kredit | M76: Dibatalkan
A77: 10017 | B77: Erik Marpaung | C77: 088342160733 | D77: Surabaya | E77: Fashion | F77: Jaket Hoodie | G77: 7 | H77: 15000 | I77: 105000 | J77: 45692 | K77: Februari | L77: E-Wallet | M77: Dikirim
A78: 10490 | B78: Dian Pratama | C78: 088787112166 | D78: Makassar | E78: Makanan | F78: Teh Celup Box | G78: 2 | H78: 45000 | I78: 90000 | J78: 45856 | K78: Juli | L78: Kartu Kredit | M78: Selesai
... A86: 10419 | B86: Yani Lestari | C86: 08422091241 | D86: Palembang | E86: Rumah Tangga | F86: Rak Serbaguna | G86: 2 | H86: 150000 | I86: 300000 | J86: 45994 | K86: Desember | L86: COD | M86: Dikirim
A87: 10436 | B87: Lina Siregar | D87: Malang | E87: Kecantikan | F87: Lip Cream | G87: 2 | H87: 15000 | I87: 30000 | J87: 45891 | K87: Agustus | L87: Kartu Kredit | M87: Diproses
A88: 10472 | B88: Vina Siregar | C88: 088239724042 | D88: Palembang | E88: Rumah Tangga | F88: Sapu Lidi | G88: 3 | H88: 120000 | I88: 360000 | J88: 45705 | K88: Februari | L88: Kartu Kredit | M88: Diproses
A89: 10461 | B89: Nita Gunawan | C89: 088256862110 | D89: Surabaya | E89: Fashion | F89: Kemeja Flanel | G89: 5 | H89: 25000 | I89: 125000 | J89: 45873 | K89: Agustus | L89: Kartu Kredit | M89: Retur
A90: 10042 | B90: Ahmad Nasution | D90: Medan | E90: Kecantikan | F90: Micellar Water | G90: 3 | H90: 50000 | I90: 150000 | J90: 45882 | K90: Agustus | L90: Kartu Kredit | M90: Selesai
A91: 10365 | B91: Indah Kusuma | C91: 088459779452 | D91: Medan | E91: Rumah Tangga | F91: Lampu LED | G91: 3 | H91: 99000 | I91: =G91*H91 -> 297000 | J91: 45681 | K91: Januari | L91: Transfer Bank | M91: Dikirim
A92: 10206 | B92: Indah Pratama | C92: 088135775949 | D92: Malang | E92: Kecantikan | F92: Lip Cream | G92: 3 | H92: 250000 | I92: 750000 | J92: 45993 | K92: Desember | L92: COD | M92: Selesai
A93: 10047 | B93: Hadi Kusuma | C93: 088455623869 | D93: Jakarta | E93: Elektronik | F93: Kabel Data USB-C | G93: 3 | H93: 50000 | I93: 150000 | J93: 45672 | K93: Januari | L93: Transfer Bank | M93: Dibatalkan
A94: 10347 | B94: Dian Kusuma | C94: 088898471391 | D94: Yogyakarta | E94: Elektronik | F94: Kabel Data USB-C | G94: 3 | H94: 45000 | I94: 135000 | J94: 45715 | K94: Februari | L94: QRIS | M94: Retur
A95: 10561 | B95: Chandra Hidayat | C95: 088477324491 | D95: Denpasar | E95: Makanan | F95: Cokelat Batang | G95: 6 | H95: 25000 | I95: 150000 | J95: 45835 | K95: Juni | L95: E-Wallet | M95: Diproses
A96: 10460 | B96: Putri Siregar | C96: 088560531340 | D96: Semarang | E96: Rumah Tangga | F96: Lampu LED | G96: 9 | H96: 50000 | I96: 450000 | J96: 45713 | K96: Februari | L96: Kartu Kredit | M96: Dikirim
A97: 10454 | B97: Bella Siregar | C97: 088405396727 | D97: Malang | E97: Kecantikan | F97: Serum Vitamin C | G97: 9 | H97: 35000 | I97: 315000 | J97: 45994 | K97: Desember | L97: COD | M97: Diproses
A98: 10301 | B98: Wawan Rahayu | C98: 088280634615 | D98: Medan | E98: Elektronik | F98: Speaker Mini | G98: 9 | H98: 75000 | I98: 675000 | J98: 45963 | K98: November | L98: Kartu Kredit | M98: Dibatalkan
A99: 10092 | B99: Tono Hidayat | C99: 088121655852 | D99: Denpasar | E99: Elektronik | F99: Kabel Data USB-C | G99: 9 | H99: 120000 | I99: 1080000 | J99: 45939 | K99: Oktober | L99: E-Wallet | M99: Retur
A100: 10531 | B100: Citra Saputra | C100: 08760146723 | D100: Malang | E100: Makanan | F100: Kopi Sachet 1kg | G100: 4 | H100: 45000 | I100: 180000 | J100: 45711 | K100: Februari | L100: Kartu Kredit | M100: Selesai
A101: 10221 | B101: Lina Kusuma | D101: Medan | E101: Rumah Tangga | F101: Tempat Sampah | G101: 10 | H101: 250000 | I101: 2500000 | J101: 45924 | K101: September | L101: E-Wallet | M101: Retur
A102: 10338 | B102: Erik Pratama | C102: 08427624671 | D102: Palembang | E102: Rumah Tangga | F102: Tempat Sampah | G102: 8 | H102: 15000 | I102: 120000 | J102: 45674 | K102: Januari | L102: COD | M102: Retur
A103: 10265 | B103: Oki Simatupang | C103: 088764472649 | D103: Bandung | E103: Makanan | F103: Teh Celup Box | G103: 1 | H103: 150000 | I103: 150000 | J103: 45856 | K103: Juli | L103: QRIS | M103: Selesai
A104: 10083 | B104: Vina Setiawan | C104: 088739473121 | D104: Jakarta | E104: Fashion | F104: Kemeja Flanel | G104: 9 | H104: 99000 | I104: 891000 | J104: 45945 | K104: Oktober | L104: Transfer Bank | M104: Dibatalkan
A105: 10060 | B105: Wawan Nasution | C105: 088998094024 | D105: Jakarta | E105: Makanan | F105: Madu Hutan 500ml | G105: 2 | H105: 50000 | I105: 100000 | J105: 45951 | K105: Oktober | L105: COD | M105: Dikirim
A106: 10066 | B106: Dewi Lestari | C106: 088979955271 | D106: Bandung | E106: Makanan | F106: Keripik Singkong | G106: 2 | H106: 35000 | I106: 70000 | J106: 45979 | K106: November | L106: Kartu Kredit | M106: Dikirim
A107: 10152 | B107: Chandra Wijaya | C107: 088206788317 | D107: Yogyakarta | E107: Elektronik | F107: Powerbank 10000mAh | G107: 6 | H107: 99000 | I107: 594000 | J107: 45920 | K107: September | L107: Transfer Bank | M107: Dibatalkan
A108: 10278 | B108: Oki Wijaya | C108: 088448571422 | D108: Denpasar | E108: Kecantikan | F108: Serum Vitamin C | G108: 10 | H108: 50000 | I108: 500000 | J108: 45985 | K108: November | L108: COD | M108: Dibatalkan
A109: 10543 | B109: Fitri Wijaya | C109: 088266821719 | D109: Bandung | E109: Makanan | F109: Teh Celup Box | G109: 1 | H109: 150000 | I109: 150000 | J109: 45756 | K109: April | L109: Transfer Bank | M109: Dikirim
A110: 10468 | B110: Bella Saputra | C110: 088881278686 | D110: Malang | E110: Fashion | F110: Celana Jeans | G110: 1 | H110: 199000 | I110: 199000 | J110: 45689 | K110: Februari | L110: COD | M110: Dikirim
A111: 10117 | B111: Citra Nasution | C111: 08148902503 | D111: Yogyakarta | E111: Elektronik | F111: Mouse Wireless | G111: 1 | H111: 45000 | I111: 45000 | J111: 45766 | K111: April | L111: QRIS | M111: Dikirim
A112: 10109 | B112: Eka Rahayu | C112: 088866882634 | D112: Surabaya | E112: Rumah Tangga | F112: Lampu LED | G112: 4 | H112: 50000 | I112: 200000 | J112: 46020 | K112: Desember | L112: COD | M112: Dikirim
A113: 10201 | B113: Putri Wijaya | C113: 088336138612 | D113: Bandung | E113: Makanan | F113: Kopi Sachet 1kg | G113: 2 | H113: 35000 | I113: 70000 | J113: 45933 | K113: Oktober | L113: QRIS | M113: Selesai
...

Sheet Tabel Input
A1: Order ID | B1: Nama Customer | C1: No HP | D1: Kota
A2: 10375 | B2: =_xlfn.XLOOKUP(A2,'Tabel Referensi'!$A$2:$A$601,'Tabel Referensi'!$B$2:$B$601) -> Nita Marpaung | C2: =_xlfn.XLOOKUP(A2,'Tabel Referensi'!$A$2:$A$601,'Tabel Referensi'!$C$2:$C$601) -> 088562606029 | D2: =_xlfn.XLOOKUP(A2,'Tabel Referensi'!$A$2:$A$601,'Tabel Referensi'!$D$2:$D$601) -> Denpasar
A3: 10342 | B3: =_xlfn.XLOOKUP(A3,'Tabel Referensi'!$A$2:$A$601,'Tabel Referensi'!$B$2:$B$601) -> Fajar Rahayu | C3: =_xlfn.XLOOKUP(A3,'Tabel Referensi'!$A$2:$A$601,'Tabel Referensi'!$C$2:$C$601) -> 088963919195 | D3: =_xlfn.XLOOKUP(A3,'Tabel Referensi'!$A$2:$A$601,'Tabel Referensi'!$D$2:$D$601) -> Makassar
A4: 10232 | B4: =_xlfn.XLOOKUP(A4,'Tabel Referensi'!$A$2:$A$601,'Tabel Referensi'!$B$2:$B$601) -> Dian Hidayat | C4: =_xlfn.XLOOKUP(A4,'Tabel Referensi'!$A$2:$A$601,'Tabel Referensi'!$C$2:$C$601) -> 088716947225 | D4: =_xlfn.XLOOKUP(A4,'Tabel Referensi'!$A$2:$A$601,'Tabel Referensi'!$D$2:$D$601) -> Malang
A5: 10144 | B5: =_xlfn.XLOOKUP(A5,'Tabel Referensi'!$A$2:$A$601,'Tabel Referensi'!$B$2:$B$601) -> Zaki Nugroho | C5: =_xlfn.XLOOKUP(A5,'Tabel Referensi'!$A$2:$A$601,'Tabel Referensi'!$C$2:$C$601) -> 08210202758 | D5: =_xlfn.XLOOKUP(A5,'Tabel Referensi'!$A$2:$A$601,'Tabel Referensi'!$D$2:$D$601) -> Bandung
A6: 10344 | B6: =_xlfn.XLOOKUP(A6,'Tabel Referensi'!$A$2:$A$601,'Tabel Referensi'!$B$2:$B$601) -> Putri Hidayat | C6: =_xlfn.XLOOKUP(A6,'Tabel Referensi'!$A$2:$A$601,'Tabel Referensi'!$C$2:$C$601) -> 088723246651 | D6: =_xlfn.XLOOKUP(A6,'Tabel Referensi'!$A$2:$A$601,'Tabel Referensi'!$D$2:$D$601) -> Semarang
A7: 10503 | B7: =_xlfn.XLOOKUP(A7,'Tabel Referensi'!$A$2:$A$601,'Tabel Referensi'!$B$2:$B$601) -> Fitri Hidayat | C7: =_xlfn.XLOOKUP(A7,'Tabel Referensi'!$A$2:$A$601,'Tabel Referensi'!$C$2:$C$601) -> 08657224029 | D7: =_xlfn.XLOOKUP(A7,'Tabel Referensi'!$A$2:$A$601,'Tabel Referensi'!$D$2:$D$601) -> Jakarta
A8: 10367 | B8: =_xlfn.XLOOKUP(A8,'Tabel Referensi'!$A$2:$A$601,'Tabel Referensi'!$B$2:$B$601) -> Eka Saputra | C8: =_xlfn.XLOOKUP(A8,'Tabel Referensi'!$A$2:$A$601,'Tabel Referensi'!$C$2:$C$601) -> 088831472760 | D8: =_xlfn.XLOOKUP(A8,'Tabel Referensi'!$A$2:$A$601,'Tabel Referensi'!$D$2:$D$601) -> Jakarta
A9: 10480 | B9: =_xlfn.XLOOKUP(A9,'Tabel Referensi'!$A$2:$A$601,'Tabel Referensi'!$B$2:$B$601) -> Joko Simatupang | C9: =_xlfn.XLOOKUP(A9,'Tabel Referensi'!$A$2:$A$601,'Tabel Referensi'!$C$2:$C$601) -> 088065019179 | D9: =_xlfn.XLOOKUP(A9,'Tabel Referensi'!$A$2:$A$601,'Tabel Referensi'!$D$2:$D$601) -> Denpasar
A10: 10177 | B10: =_xlfn.XLOOKUP(A10,'Tabel Referensi'!$A$2:$A$601,'Tabel Referensi'!$B$2:$B$601) -> Zaki Rahayu | C10: =_xlfn.XLOOKUP(A10,'Tabel Referensi'!$A$2:$A$601,'Tabel Referensi'!$C$2:$C$601) -> 08999173816 | D10: =_xlfn.XLOOKUP(A10,'Tabel Referensi'!$A$2:$A$601,'Tabel Referensi'!$D$2:$D$601) -> Yogyakarta
A11: 10091 | B11: =_xlfn.XLOOKUP(A11,'Tabel Referensi'!$A$2:$A$601,'Tabel Referensi'!$B$2:$B$601) -> Rian Simatupang | C11: =_xlfn.XLOOKUP(A11,'Tabel Referensi'!$A$2:$A$601,'Tabel Referensi'!$C$2:$C$601) -> 088016245650 | D11: =_xlfn.XLOOKUP(A11,'Tabel Referensi'!$A$2:$A$601,'Tabel Referensi'!$D$2:$D$601) -> Bandung
A12: 10008 | B12: =_xlfn.XLOOKUP(A12,'Tabel Referensi'!$A$2:$A$601,'Tabel Referensi'!$B$2:$B$601) -> Oki Pratama | C12: =_xlfn.XLOOKUP(A12,'Tabel Referensi'!$A$2:$A$601,'Tabel Referensi'!$C$2:$C$601) | D12: =_xlfn.XLOOKUP(A12,'Tabel Referensi'!$A$2:$A$601,'Tabel Referensi'!$D$2:$D$601) -> Bandung
A13: 10043 | B13: =_xlfn.XLOOKUP(A13,'Tabel Referensi'!$A$2:$A$601,'Tabel Referensi'!$B$2:$B$601) -> Bella Nugroho | C13: =_xlfn.XLOOKUP(A13,'Tabel Referensi'!$A$2:$A$601,'Tabel Referensi'!$C$2:$C$601) -> 088274846773 | D13: =_xlfn.XLOOKUP(A13,'Tabel Referensi'!$A$2:$A$601,'Tabel Referensi'!$D$2:$D$601) -> Semarang
... A601: 10129 | B601: =_xlfn.XLOOKUP(A601,'Tabel Referensi'!$A$2:$A$601,'Tabel Referensi'!$B$2:$B$601) -> Yani Hidayat | C601: =_xlfn.XLOOKUP(A601,'Tabel Referensi'!$A$2:$A$601,'Tabel Referensi'!$C$2:$C$601) -> 08147859696 | D601: =_xlfn.XLOOKUP(A601,'Tabel Referensi'!$A$2:$A$601,'Tabel Referensi'!$D$2:$D$601) -> Semarang

Sheet Instruksi Latihan
A1: LATIHAN EXCEL - DATA CLEANING & ANALYSIS
A3: Dataset ini SENGAJA dibuat kotor, seperti kondisi data asli di kerjaan.
A4: Masalah yang sengaja ada di dalam data:
A5: 1. Nama customer: ada spasi berlebih, huruf besar/kecil gak konsisten
A6: 2. Kota: ada yang UPPERCASE, lowercase, ada spasi di depan/belakang
A7: 3. No HP: format beda-beda (08xxx, +628xxx, 628xxx), ada yang kosong
A8: 4. Tanggal Order: format beda-beda tiap baris (DD/MM/YYYY, YYYY-MM-DD, dll)
A9: 5. Ada baris duplikat (order yang persis sama muncul 2x)
A10: 6. Ada Qty dan Harga Satuan yang kosong (missing values)
A12: TUGAS LATIHAN (urutan disarankan):
A13: 1. DATA CLEANING
A14: - Bersihkan nama customer: TRIM spasi, samakan jadi Proper Case (pakai PROPER())
... A23: - Pakai SUMIF/SUMIFS: total penjualan per Kategori, atau per Kota
A24: - Pakai XLOOKUP/VLOOKUP: cari data customer tertentu berdasarkan Order ID | D24: =TRIM(C24)
A26: 3. PIVOT TABLE
A27: - Total penjualan per Kategori produk
A28: - Jumlah order per Kota
A29: - Total penjualan per Bulan (group tanggal jadi per bulan)
A30: - Breakdown Status order per Metode Bayara
A32: 4. VISUALISASI
A33: - Bar chart: penjualan per kategori
A34: - Line chart: tren penjualan per bulan
A35: - Pie chart: proporsi metode pembayaran
A37: 5. AD-HOC REQUEST SIMULATION (latihan skenario kerja nyata)
A38: Coba jawab pertanyaan ini pakai data yang udah kamu bersihkan:
A39: - 'Produk apa yang paling laku bulan tertentu?'
... A45: tetap ada buat kamu bandingkan before-after.
